﻿SN,LGA,Presidential,Governorship
1,Agege,50241,Presidential
2,Ajeromi/Ifelodun,68590,Presidential
3,Alimosho,147870,Presidential
4,Amuwo Odofin,72433,Presidential
5,Apapa,27212,Presidential
6,Badagry,50618,Presidential
7,Epe,29222,Presidential
8,Eti-Osa,62617,Presidential
9,Ibeju Lekki,27964,Presidential
10,Ifako-Jaiye,61506,Presidential
11,Ikeja,55062,Presidential
12,Ikorodu,86648,Presidential
13,Kosofe,90374,Presidential
14,Lagos Island,33886,Presidential
15,Lagos Mainland,43143,Presidential
16,Mushin,71196,Presidential
17,Ojo,65061,Presidential
18,Oshodi-Isolo,83376,Presidential
19,Somolu,61078,Presidential
20,Surulere,81009,Presidential
21,Agege,48284,Governorship
22,Ajeromi/Ifelodun,63200,Governorship
23,Alimosho,130524,Governorship
24,Amuwo Odofin,54763,Governorship
25,Apapa,28322,Governorship
26,Badagry,52612,Governorship
27,Epe,34790,Governorship
28,Eti-Osa,48000,Governorship
29,Ibeju Lekki,26580,Governorship
30,Ifako-Jaiye,54783,Governorship
31,Ikeja,49899,Governorship
32,Ikorodu,82959,Governorship
33,Kosofe,81809,Governorship
34,Lagos Island,41234,Governorship
35,Lagos Mainland,39084,Governorship
36,Mushin,68952,Governorship
37,Ojo,54450,Governorship
38,Oshodi-Isolo,65217,Governorship
39,Somolu,55785,Governorship
40,Surulere,74001,Governorship
