﻿Party,Count,Category,LGA
APC,29568,Presidential, Agege 
LP,13270,Presidential, Agege 
PDP,4498,Presidential, Agege 
ADC,277,Presidential, Agege 
APC,25938,Presidential, Ajeromi/Ifelodun 
LP,35663,Presidential, Ajeromi/Ifelodun 
PDP,4680,Presidential, Ajeromi/Ifelodun 
ADC,316,Presidential, Ajeromi/Ifelodun 
APC,62909,Presidential,Alimosho
LP,71327,Presidential,Alimosho
PDP,8201,Presidential,Alimosho
ADC,879,Presidential,Alimosho
APC,13318,Presidential,Amuwo Odofin
LP,55547,Presidential,Amuwo Odofin
PDP,2383,Presidential,Amuwo Odofin
ADC,162,Presidential,Amuwo Odofin
APC,15471,Presidential,Apapa
LP,7566,Presidential,Apapa
PDP,2997,Presidential,Apapa
ADC,180,Presidential,Apapa
APC,31903,Presidential,Badagry
LP,10956,Presidential,Badagry
PDP,6024,Presidential,Badagry
ADC,374,Presidential,Badagry
APC,19867,Presidential,Epe
LP,3497,Presidential,Epe
PDP,5221,Presidential,Epe
ADC,211,Presidential,Epe
APC,15317,Presidential,Eti_Osa
LP,42388,Presidential,Eti_Osa
PDP,3369,Presidential,Eti_Osa
ADC,190,Presidential,Eti_Osa
APC,14685,Presidential,Ibeju_Lekki
LP,10410,Presidential,Ibeju_Lekki
PDP,2329,Presidential,Ibeju_Lekki
ADC,128,Presidential,Ibeju_Lekki
APC,30756,Presidential,Ifako_Jaiye
LP,25437,Presidential,Ifako_Jaiye
PDP,3258,Presidential,Ifako_Jaiye
ADC,311,Presidential,Ifako_Jaiye
APC,21276,Presidential,Ikeja
LP,30004,Presidential,Ikeja
PDP,2280,Presidential,Ikeja
ADC,204,Presidential,Ikeja
APC,50353,Presidential,Ikorodu
LP,28951,Presidential,Ikorodu
PDP,4508,Presidential,Ikorodu
ADC,498,Presidential,Ikorodu
APC,36883,Presidential,Kosofe
LP,46554,Presidential,Kosofe
PDP,4058,Presidential,Kosofe
ADC,357,Presidential,Kosofe
APC,27760,Presidential,Lagos Island
LP,3058,Presidential,Lagos Island
PDP,2521,Presidential,Lagos Island
ADC,168,Presidential,Lagos Island
APC,20030,Presidential,Lagos Mainland
LP,18698,Presidential,Lagos Mainland
PDP,3005,Presidential,Lagos Mainland
ADC,184,Presidential,Lagos Mainland
APC,41907,Presidential,Mushin
LP,23390,Presidential,Mushin
PDP,3478,Presidential,Mushin
ADC,303,Presidential,Mushin
APC,20603,Presidential,Ojo
LP,38859,Presidential,Ojo
PDP,3701,Presidential,Ojo
ADC,247,Presidential,Ojo
APC,27181,Presidential,Oshodi_Isolo
LP,51020,Presidential,Oshodi_Isolo
PDP,3139,Presidential,Oshodi_Isolo
ADC,238,Presidential,Oshodi_Isolo
APC,27879,Presidential,Shomolu
LP,28936,Presidential,Shomolu
PDP,3449,Presidential,Shomolu
ADC,248,Presidential,Shomolu
APC,39002,Presidential,Surulere
LP,36923,Presidential,Surulere
PDP,2651,Presidential,Surulere
ADC,314,Presidential,Surulere
APC,35845,Governorship, Agege 
LP,8486,Governorship, Agege 
PDP,3176,Governorship, Agege 
ADC,235,Governorship, Agege 
APC,39798,Governorship, Ajeromi/Ifelodun 
LP,19821,Governorship, Ajeromi/Ifelodun 
PDP,2607,Governorship, Ajeromi/Ifelodun 
ADC,213,Governorship, Ajeromi/Ifelodun 
APC,83631,Governorship,Alimosho
LP,37136,Governorship,Alimosho
PDP,7872,Governorship,Alimosho
ADC,658,Governorship,Alimosho
APC,17576,Governorship,Amuwo Odofin
LP,34860,Governorship,Amuwo Odofin
PDP,1809,Governorship,Amuwo Odofin
ADC,156,Governorship,Amuwo Odofin
APC,21007,Governorship,Apapa
LP,4157,Governorship,Apapa
PDP,2487,Governorship,Apapa
ADC,121,Governorship,Apapa
APC,41482,Governorship,Badagry
LP,4863,Governorship,Badagry
PDP,5472,Governorship,Badagry
ADC,212,Governorship,Badagry
APC,29614,Governorship,Epe
LP,1515,Governorship,Epe
PDP,3272,Governorship,Epe
ADC,100,Governorship,Epe
APC,25963,Governorship,Eti_Osa
LP,19967,Governorship,Eti_Osa
PDP,1468,Governorship,Eti_Osa
ADC,617,Governorship,Eti_Osa
APC,19369,Governorship,Ibeju_Lekki
LP,3785,Governorship,Ibeju_Lekki
PDP,3189,Governorship,Ibeju_Lekki
ADC,101,Governorship,Ibeju_Lekki
APC,38682,Governorship,Ifako_Jaiye
LP,13020,Governorship,Ifako_Jaiye
PDP,2262,Governorship,Ifako_Jaiye
ADC,356,Governorship,Ifako_Jaiye
APC,32273,Governorship,Ikeja
LP,15174,Governorship,Ikeja
PDP,1616,Governorship,Ikeja
ADC,310,Governorship,Ikeja
APC,64697,Governorship,Ikorodu
LP,13207,Governorship,Ikorodu
PDP,3797,Governorship,Ikorodu
ADC,501,Governorship,Ikorodu
APC,49344,Governorship,Kosofe
LP,26123,Governorship,Kosofe
PDP,3537,Governorship,Kosofe
ADC,632,Governorship,Kosofe
APC,37760,Governorship,Lagos Island
LP,1317,Governorship,Lagos Island
PDP,1783,Governorship,Lagos Island
ADC,143,Governorship,Lagos Island
APC,26021,Governorship,Lagos Mainland
LP,9999,Governorship,Lagos Mainland
PDP,2362,Governorship,Lagos Mainland
ADC,278,Governorship,Lagos Mainland
APC,52249,Governorship,Mushin
LP,11759,Governorship,Mushin
PDP,4006,Governorship,Mushin
ADC,312,Governorship,Mushin
APC,30797,Governorship,Ojo
LP,19027,Governorship,Ojo
PDP,3889,Governorship,Ojo
ADC,191,Governorship,Ojo
APC,36792,Governorship,Oshodi_Isolo
LP,24948,Governorship,Oshodi_Isolo
PDP,2515,Governorship,Oshodi_Isolo
ADC,258,Governorship,Oshodi_Isolo
APC,36783,Governorship,Shomolu
LP,15096,Governorship,Shomolu
PDP,3130,Governorship,Shomolu
ADC,334,Governorship,Shomolu
APC,42451,Governorship,Surulere
LP,28069,Governorship,Surulere
PDP,2200,Governorship,Surulere
ADC,350,Governorship,Surulere
